{"cameraMode":{"drawMode":0,"name":"Shaded","section":"Shading Mode"},"sceneLighting":false,"audioPlay":false,"sceneViewState":{"showFog":true,"showMaterialUpdate":false,"showSkybox":true,"showFlares":true,"showImageEffects":true,"showParticleSystems":true},"in2DMode":false,"pivot":{"x":-4.4888763427734379,"y":-2.752518653869629,"z":0.015922456979751588},"rotation":{"x":-0.05113416165113449,"y":-0.07722390443086624,"z":0.00395961944013834,"w":-0.9956938028335571},"size":13.672789573669434,"orthographic":false}