{"cameraMode":{"drawMode":0,"name":"Shaded","section":"Shading Mode"},"sceneLighting":false,"audioPlay":false,"sceneViewState":{"showFog":true,"showMaterialUpdate":false,"showSkybox":true,"showFlares":true,"showImageEffects":true,"showParticleSystems":true},"in2DMode":false,"pivot":{"x":0.42000001668930056,"y":-2.5999999046325685,"z":2.7899999618530275},"rotation":{"x":-0.06157147139310837,"y":-0.0801616683602333,"z":0.0049545434303581718,"w":-0.994866132736206},"size":2.308962821960449,"orthographic":false}